{"Camera.cx":965.8252346573571,"Camera.cy":549.47907006022194,"Camera.fx":473.08728152584598,"Camera.fy":473.22036976527141,"Camera.k1":20.0678874037621,"Camera.k2":77.626892821387671,"Camera.k3":6.1860138301992311,"Camera.k4":20.27872840243624,"Camera.k5":84.092768902223284,"Camera.k6":24.58458301113054,"Camera.p1":-0.00035037934920027942,"Camera.p2":-0.00027501262160527348}
